{
  "Health Check" : {
    "transaction" : "Health Check",
    "sampleCount" : 3464,
    "errorCount" : 3464,
    "errorPct" : 100.0,
    "meanResTime" : 38.19284064665128,
    "medianResTime" : 25.0,
    "minResTime" : 2.0,
    "maxResTime" : 1245.0,
    "pct1ResTime" : 69.5,
    "pct2ResTime" : 102.5,
    "pct3ResTime" : 266.0,
    "throughput" : 58.01956317834651,
    "receivedKBytesPerSec" : 13.088397552927777,
    "sentKBytesPerSec" : 10.482049988275492
  },
  "Total" : {
    "transaction" : "Total",
    "sampleCount" : 13840,
    "errorCount" : 13840,
    "errorPct" : 100.0,
    "meanResTime" : 39.08858381502886,
    "medianResTime" : 25.0,
    "minResTime" : 2.0,
    "maxResTime" : 1557.0,
    "pct1ResTime" : 70.0,
    "pct2ResTime" : 104.0,
    "pct3ResTime" : 286.59000000000015,
    "throughput" : 231.8024989113322,
    "receivedKBytesPerSec" : 64.9667256274495,
    "sentKBytesPerSec" : 55.74298110219241
  },
  "Get Order" : {
    "transaction" : "Get Order",
    "sampleCount" : 3459,
    "errorCount" : 3459,
    "errorPct" : 100.0,
    "meanResTime" : 39.263949118242245,
    "medianResTime" : 25.0,
    "minResTime" : 3.0,
    "maxResTime" : 957.0,
    "pct1ResTime" : 68.0,
    "pct2ResTime" : 105.0,
    "pct3ResTime" : 342.2000000000003,
    "throughput" : 58.94381677828331,
    "receivedKBytesPerSec" : 17.959444174633198,
    "sentKBytesPerSec" : 12.49102367274168
  },
  "List Customer Orders" : {
    "transaction" : "List Customer Orders",
    "sampleCount" : 3456,
    "errorCount" : 3456,
    "errorPct" : 100.0,
    "meanResTime" : 37.17621527777779,
    "medianResTime" : 25.0,
    "minResTime" : 3.0,
    "maxResTime" : 571.0,
    "pct1ResTime" : 70.0,
    "pct2ResTime" : 104.0,
    "pct3ResTime" : 273.42999999999984,
    "throughput" : 58.98516837056886,
    "receivedKBytesPerSec" : 14.976702906589749,
    "sentKBytesPerSec" : 13.133416395009473
  },
  "Create Order" : {
    "transaction" : "Create Order",
    "sampleCount" : 3461,
    "errorCount" : 3461,
    "errorPct" : 100.0,
    "meanResTime" : 41.71944524703853,
    "medianResTime" : 26.0,
    "minResTime" : 2.0,
    "maxResTime" : 1557.0,
    "pct1ResTime" : 71.0,
    "pct2ResTime" : 102.0,
    "pct3ResTime" : 397.3200000000015,
    "throughput" : 58.77557951940222,
    "receivedKBytesPerSec" : 19.802319271673603,
    "sentKBytesPerSec" : 20.37631612464974
  }
}